char,cong,irred,nu-invariants,ideals
2,2,False,1,ideal(x^2*y^4+y^5+x^4)
3,3,True,"1, 2","ideal(x^2,y^3,x*y^2), ideal(x^4*y^2-y^6,x*y^6-x^5,x^2*y^5-x^2*y^3)"
5,5,True,"1, 2, 3, 4","ideal(y,x), ideal(y^3,x*y^2,x^2*y,x^3), ideal(x^4,y^5,x*y^4,x^2*y^3,x^3*y^2), ideal(x^4*y^2,x^5*y,x^6,y^7,x*y^6,x^2*y^5,x^3*y^4)"
7,7,True,"1, 2, 3, 4, 5, 6","ideal(y,x), ideal(y^2,x*y,x^2), ideal(x*y^2,x^2*y,x^3,y^4), ideal(x^2*y^2,x^3*y,x^4,y^5,x*y^4), ideal(x^3*y^2,x^4*y,x^5,y^6,x*y^5,x^2*y^4), ideal(x^4*y^2,x^5*y,x^6,x*y^6,x^2*y^5,x^3*y^4,y^8)"
11,11,True,"2, 3, 4, 5, 6, 7, 8, 9, 10","ideal 1, ideal(y,x), ideal(y^2,x*y,x^2), ideal(x^2,y^3,x*y^2), ideal(x^2*y,x^3,y^4,x*y^3), ideal(x^2*y^2,x^3*y,x^4,y^5,x*y^4), ideal(x^2*y^3,x^3*y^2,x^4*y,x^5,y^6,x*y^5), ideal(x^5,x^2*y^4,x^3*y^3,x^4*y^2,y^7,x*y^6), ideal(x^5*y,x^6,x^2*y^5,x^3*y^4,x^4*y^3,y^8,x*y^7)"
13,13,True,"2, 3, 4, 5, 6, 7, 8, 9, 10, 11, 12","ideal 1, ideal(y,x), ideal(x,y^2), ideal(y^2,x*y,x^2), ideal(y^3,x*y^2,x^2*y,x^3), ideal(x^3,y^4,x*y^3,x^2*y^2), ideal(x*y^3,x^2*y^2,x^3*y,x^4,y^5), ideal(x^4,x*y^4,x^2*y^3,x^3*y^2,y^6), ideal(x^4*y,x^5,y^6,x*y^5,x^2*y^4,x^3*y^3), ideal(x^3*y^3,x^4*y^2,x^5*y,x^6,y^7,x*y^6,x^2*y^5), ideal(x^6,x*y^6,x^3*y^4,x^4*y^3,x^5*y^2,y^8)"
17,17,True,"3, 5, 7, 8, 9, 10, 11, 12, 13, 14, 15, 16","ideal 1, ideal(y,x), ideal(y^2,x*y,x^2), ideal(y^3,x*y^2,x^2*y,x^3), ideal(x*y^2,x^2*y,x^3,y^4), ideal(y^4,x*y^3,x^2*y^2,x^3*y,x^4), ideal(x^2*y^2,x^3*y,x^4,y^5,x*y^4), ideal(y^5,x*y^4,x^2*y^3,x^3*y^2,x^4*y,x^5), ideal(x^3*y^2,x^4*y,x^5,y^6,x*y^5,x^2*y^4), ideal(x*y^5,x^2*y^4,x^3*y^3,x^4*y^2,x^5*y,x^6,y^7), ideal(x^4*y^2,x^5*y,x^6,y^7,x*y^6,x^2*y^5,x^3*y^4), ideal(x^2*y^5,x^3*y^4,x^4*y^3,x^5*y^2,x^6*y,x^7,y^8,x*y^7)"
19,19,True,"3, 5, 6, 7, 8, 9, 10, 11, 12, 13, 14, 15, 16, 17, 18","ideal 1, ideal(y,x), ideal(x,y^2), ideal(y^2,x*y,x^2), ideal(x^2,y^3,x*y^2), ideal(y^3,x*y^2,x^2*y,x^3), ideal(x^2*y,x^3,y^4,x*y^3), ideal(y^4,x*y^3,x^2*y^2,x^3*y,x^4), ideal(x^2*y^2,x^3*y,x^4,y^5,x*y^4), ideal(x^4,y^5,x*y^4,x^2*y^3,x^3*y^2), ideal(x^2*y^3,x^3*y^2,x^4*y,x^5,y^6,x*y^5), ideal(x^5,y^6,x*y^5,x^2*y^4,x^3*y^3,x^4*y^2), ideal(x^2*y^4,x^3*y^3,x^4*y^2,x^5*y,x^6,y^7,x*y^6), ideal(x^5*y,x^6,y^7,x*y^6,x^2*y^5,x^3*y^4,x^4*y^3), ideal(x^6,x^2*y^5,x^3*y^4,x^4*y^3,x^5*y^2,y^8,x*y^7)"
23,23,True,"4, 6, 7, 9, 10, 11, 12, 13, 14, 15, 16, 17, 18, 19, 20, 21, 22","ideal 1, ideal(y,x), ideal(x,y^2), ideal(y^2,x*y,x^2), ideal(x^2,y^3,x*y^2), ideal(y^3,x*y^2,x^2*y,x^3), ideal(x*y^2,x^2*y,x^3,y^4), ideal(x^3,y^4,x*y^3,x^2*y^2), ideal(x*y^3,x^2*y^2,x^3*y,x^4,y^5), ideal(x^2*y^2,x^3*y,x^4,y^5,x*y^4), ideal(x^4,x*y^4,x^2*y^3,x^3*y^2,y^6), ideal(x^2*y^3,x^3*y^2,x^4*y,x^5,y^6,x*y^5), ideal(x^4*y,x^5,y^6,x*y^5,x^2*y^4,x^3*y^3), ideal(x^5,x^2*y^4,x^3*y^3,x^4*y^2,y^7,x*y^6), ideal(x^3*y^3,x^4*y^2,x^5*y,x^6,y^7,x*y^6,x^2*y^5), ideal(x^5*y,x^6,x*y^6,x^2*y^5,x^3*y^4,x^4*y^3,y^8), ideal(x^6,x^3*y^4,x^4*y^3,x^5*y^2,y^8,x*y^7,x^2*y^6)"
29,29,True,"6, 8, 9, 11, 12, 13, 14, 15, 16, 17, 18, 19, 20, 21, 22, 23, 24, 25, 26, 27, 28","ideal 1, ideal(y,x), ideal(x,y^2), ideal(y^2,x*y,x^2), ideal(x*y,x^2,y^3), ideal(x^2,y^3,x*y^2), ideal(y^3,x*y^2,x^2*y,x^3), ideal(x*y^2,x^2*y,x^3,y^4), ideal(x^3,y^4,x*y^3,x^2*y^2), ideal(y^4,x*y^3,x^2*y^2,x^3*y,x^4), ideal(x*y^3,x^2*y^2,x^3*y,x^4,y^5), ideal(x^3*y,x^4,y^5,x*y^4,x^2*y^3), ideal(x^4,y^5,x*y^4,x^2*y^3,x^3*y^2), ideal(x*y^4,x^2*y^3,x^3*y^2,x^4*y,x^5,y^6), ideal(x^3*y^2,x^4*y,x^5,y^6,x*y^5,x^2*y^4), ideal(x^4*y,x^5,y^6,x*y^5,x^2*y^4,x^3*y^3), ideal(x^5,x*y^5,x^2*y^4,x^3*y^3,x^4*y^2,y^7), ideal(x^3*y^3,x^4*y^2,x^5*y,x^6,y^7,x*y^6,x^2*y^5), ideal(x^4*y^2,x^5*y,x^6,y^7,x*y^6,x^2*y^5,x^3*y^4), ideal(x^6,x*y^6,x^2*y^5,x^3*y^4,x^4*y^3,x^5*y^2,y^8), ideal(x^3*y^4,x^4*y^3,x^5*y^2,x^6*y,x^7,y^8,x*y^7,x^2*y^6)"
31,31,True,"6, 9, 10, 12, 13, 14, 15, 16, 17, 18, 19, 20, 21, 22, 23, 24, 25, 26, 27, 28, 29, 30","ideal 1, ideal(y,x), ideal(x,y^2), ideal(y^2,x*y,x^2), ideal(x*y,x^2,y^3), ideal(x^2,y^3,x*y^2), ideal(y^3,x*y^2,x^2*y,x^3), ideal(x*y^2,x^2*y,x^3,y^4), ideal(x^2*y,x^3,y^4,x*y^3), ideal(x^3,y^4,x*y^3,x^2*y^2), ideal(x*y^3,x^2*y^2,x^3*y,x^4,y^5), ideal(x^2*y^2,x^3*y,x^4,y^5,x*y^4), ideal(x^3*y,x^4,y^5,x*y^4,x^2*y^3), ideal(x^4,x*y^4,x^2*y^3,x^3*y^2,y^6), ideal(x^2*y^3,x^3*y^2,x^4*y,x^5,y^6,x*y^5), ideal(x^3*y^2,x^4*y,x^5,y^6,x*y^5,x^2*y^4), ideal(x^4*y,x^5,x*y^5,x^2*y^4,x^3*y^3,y^7), ideal(x^5,x^2*y^4,x^3*y^3,x^4*y^2,y^7,x*y^6), ideal(x^3*y^3,x^4*y^2,x^5*y,x^6,y^7,x*y^6,x^2*y^5), ideal(x^4*y^2,x^5*y,x^6,x*y^6,x^2*y^5,x^3*y^4,y^8), ideal(x^5*y,x^6,x^2*y^5,x^3*y^4,x^4*y^3,y^8,x*y^7), ideal(x^6,x^3*y^4,x^4*y^3,x^5*y^2,y^8,x*y^7,x^2*y^6)"
37,37,True,"7, 11, 12, 15, 16, 18, 20, 21, 22, 23, 24, 25, 26, 27, 29, 30, 31, 32, 33, 34, 35, 36","ideal 1, ideal(y,x), ideal(x,y^2), ideal(y^2,x*y,x^2), ideal(x*y,x^2,y^3), ideal(y^3,x*y^2,x^2*y,x^3), ideal(x*y^2,x^2*y,x^3,y^4), ideal(x^3,y^4,x*y^3,x^2*y^2), ideal(y^4,x*y^3,x^2*y^2,x^3*y,x^4), ideal(x*y^3,x^2*y^2,x^3*y,x^4,y^5), ideal(x^2*y^2,x^3*y,x^4,y^5,x*y^4), ideal(x^3*y,x^4,y^5,x*y^4,x^2*y^3), ideal(x^4,y^5,x*y^4,x^2*y^3,x^3*y^2), ideal(x*y^4,x^2*y^3,x^3*y^2,x^4*y,x^5,y^6), ideal(x^3*y^2,x^4*y,x^5,y^6,x*y^5,x^2*y^4), ideal(x^4*y,x^5,y^6,x*y^5,x^2*y^4,x^3*y^3), ideal(x*y^5,x^2*y^4,x^3*y^3,x^4*y^2,x^5*y,x^6,y^7), ideal(x^3*y^3,x^4*y^2,x^5*y,x^6,y^7,x*y^6,x^2*y^5), ideal(x^4*y^2,x^5*y,x^6,y^7,x*y^6,x^2*y^5,x^3*y^4), ideal(x^4*y^2,x^5*y,x^6,x*y^6,x^2*y^5,x^3*y^4,y^8), ideal(x^6,x^2*y^5,x^3*y^4,x^4*y^3,x^5*y^2,y^8,x*y^7), ideal(x^3*y^4,x^4*y^3,x^5*y^2,x^6*y,x^7,y^8,x*y^7,x^2*y^6)"
41,-39,True,"9, 13, 14, 17, 18, 19, 21, 22, 23, 24, 25, 26, 27, 28, 29, 30, 31, 32, 33, 34, 35, 36, 37, 38, 39, 40","ideal 1, ideal(y,x), ideal(x,y^2), ideal(y^2,x*y,x^2), ideal(x*y,x^2,y^3), ideal(x^2,y^3,x*y^2), ideal(y^3,x*y^2,x^2*y,x^3), ideal(x*y^2,x^2*y,x^3,y^4), ideal(x^2*y,x^3,y^4,x*y^3), ideal(x^3,y^4,x*y^3,x^2*y^2), ideal(y^4,x*y^3,x^2*y^2,x^3*y,x^4), ideal(x*y^3,x^2*y^2,x^3*y,x^4,y^5), ideal(x^2*y^2,x^3*y,x^4,y^5,x*y^4), ideal(x^3*y,x^4,y^5,x*y^4,x^2*y^3), ideal(x^4,y^5,x*y^4,x^2*y^3,x^3*y^2), ideal(x*y^4,x^2*y^3,x^3*y^2,x^4*y,x^5,y^6), ideal(x^2*y^3,x^3*y^2,x^4*y,x^5,y^6,x*y^5), ideal(x^3*y^2,x^4*y,x^5,y^6,x*y^5,x^2*y^4), ideal(x^4*y,x^5,y^6,x*y^5,x^2*y^4,x^3*y^3), ideal(x^5,x*y^5,x^2*y^4,x^3*y^3,x^4*y^2,y^7), ideal(x^2*y^4,x^3*y^3,x^4*y^2,x^5*y,x^6,y^7,x*y^6), ideal(x^3*y^3,x^4*y^2,x^5*y,x^6,y^7,x*y^6,x^2*y^5), ideal(x^4*y^2,x^5*y,x^6,y^7,x*y^6,x^2*y^5,x^3*y^4), ideal(x^5*y,x^6,x*y^6,x^2*y^5,x^3*y^4,x^4*y^3,y^8), ideal(x^6,x^2*y^5,x^3*y^4,x^4*y^3,x^5*y^2,y^8,x*y^7), ideal(x^3*y^4,x^4*y^3,x^5*y^2,x^6*y,x^7,y^8,x*y^7,x^2*y^6)"
43,-37,True,"9, 13, 14, 17, 18, 20, 22, 23, 24, 25, 26, 27, 28, 29, 30, 31, 33, 34, 35, 36, 37, 38, 39, 40, 41, 42","ideal 1, ideal(y,x), ideal(x,y^2), ideal(y^2,x*y,x^2), ideal(x*y,x^2,y^3), ideal(x^2,y^3,x*y^2), ideal(y^3,x*y^2,x^2*y,x^3), ideal(x*y^2,x^2*y,x^3,y^4), ideal(x^2*y,x^3,y^4,x*y^3), ideal(x^3,y^4,x*y^3,x^2*y^2), ideal(y^4,x*y^3,x^2*y^2,x^3*y,x^4), ideal(x*y^3,x^2*y^2,x^3*y,x^4,y^5), ideal(x^2*y^2,x^3*y,x^4,y^5,x*y^4), ideal(x^3*y,x^4,y^5,x*y^4,x^2*y^3), ideal(x^4,y^5,x*y^4,x^2*y^3,x^3*y^2), ideal(x*y^4,x^2*y^3,x^3*y^2,x^4*y,x^5,y^6), ideal(x^2*y^3,x^3*y^2,x^4*y,x^5,y^6,x*y^5), ideal(x^4*y,x^5,y^6,x*y^5,x^2*y^4,x^3*y^3), ideal(x^5,y^6,x*y^5,x^2*y^4,x^3*y^3,x^4*y^2), ideal(x^5,x^2*y^4,x^3*y^3,x^4*y^2,y^7,x*y^6), ideal(x^2*y^4,x^3*y^3,x^4*y^2,x^5*y,x^6,y^7,x*y^6), ideal(x^3*y^3,x^4*y^2,x^5*y,x^6,y^7,x*y^6,x^2*y^5), ideal(x^4*y^2,x^5*y,x^6,y^7,x*y^6,x^2*y^5,x^3*y^4), ideal(x^5*y,x^6,x*y^6,x^2*y^5,x^3*y^4,x^4*y^3,y^8), ideal(x^6,x^2*y^5,x^3*y^4,x^4*y^3,x^5*y^2,y^8,x*y^7), ideal(x^3*y^4,x^4*y^3,x^5*y^2,x^6*y,x^7,y^8,x*y^7,x^2*y^6)"
47,-33,True,"9, 14, 15, 19, 20, 21, 23, 25, 26, 27, 28, 29, 31, 32, 33, 34, 35, 37, 38, 39, 40, 41, 42, 43, 44, 45, 46","ideal 1, ideal(y,x), ideal(x,y^2), ideal(y^2,x*y,x^2), ideal(x*y,x^2,y^3), ideal(x^2,y^3,x*y^2), ideal(y^3,x*y^2,x^2*y,x^3), ideal(x*y^2,x^2*y,x^3,y^4), ideal(x^2*y,x^3,y^4,x*y^3), ideal(x^3,y^4,x*y^3,x^2*y^2), ideal(y^4,x*y^3,x^2*y^2,x^3*y,x^4), ideal(x*y^3,x^2*y^2,x^3*y,x^4,y^5), ideal(x^2*y^2,x^3*y,x^4,y^5,x*y^4), ideal(x^3*y,x^4,y^5,x*y^4,x^2*y^3), ideal(x^4,y^5,x*y^4,x^2*y^3,x^3*y^2), ideal(x*y^4,x^2*y^3,x^3*y^2,x^4*y,x^5,y^6), ideal(x^2*y^3,x^3*y^2,x^4*y,x^5,y^6,x*y^5), ideal(x^3*y^2,x^4*y,x^5,y^6,x*y^5,x^2*y^4), ideal(x^4*y,x^5,y^6,x*y^5,x^2*y^4,x^3*y^3), ideal(x^5,x*y^5,x^2*y^4,x^3*y^3,x^4*y^2,y^7), ideal(x^2*y^4,x^3*y^3,x^4*y^2,x^5*y,x^6,y^7,x*y^6), ideal(x^3*y^3,x^4*y^2,x^5*y,x^6,y^7,x*y^6,x^2*y^5), ideal(x^4*y^2,x^5*y,x^6,y^7,x*y^6,x^2*y^5,x^3*y^4), ideal(x^4*y^2,x^5*y,x^6,x*y^6,x^2*y^5,x^3*y^4,y^8), ideal(x^5*y,x^6,x*y^6,x^2*y^5,x^3*y^4,x^4*y^3,y^8), ideal(x^6,x^2*y^5,x^3*y^4,x^4*y^3,x^5*y^2,y^8,x*y^7), ideal(x^3*y^4,x^4*y^3,x^5*y^2,x^6*y,x^7,y^8,x*y^7,x^2*y^6)"
53,-27,True,"11, 16, 18, 22, 23, 24, 27, 28, 29, 31, 32, 34, 35, 36, 37, 38, 39, 40, 41, 43, 44, 45, 47, 48, 49, 50, 51, 52","ideal 1, ideal(y,x), ideal(x,y^2), ideal(y^2,x*y,x^2), ideal(x*y,x^2,y^3), ideal(x^2,y^3,x*y^2), ideal(y^3,x*y^2,x^2*y,x^3), ideal(x*y^2,x^2*y,x^3,y^4), ideal(x^2*y,x^3,y^4,x*y^3), ideal(x^3,y^4,x*y^3,x^2*y^2), ideal(y^4,x*y^3,x^2*y^2,x^3*y,x^4), ideal(x*y^3,x^2*y^2,x^3*y,x^4,y^5), ideal(x^2*y^2,x^3*y,x^4,y^5,x*y^4), ideal(x^3*y,x^4,y^5,x*y^4,x^2*y^3), ideal(x^4,y^5,x*y^4,x^2*y^3,x^3*y^2), ideal(x^4,x*y^4,x^2*y^3,x^3*y^2,y^6), ideal(x*y^4,x^2*y^3,x^3*y^2,x^4*y,x^5,y^6), ideal(x^2*y^3,x^3*y^2,x^4*y,x^5,y^6,x*y^5), ideal(x^3*y^2,x^4*y,x^5,y^6,x*y^5,x^2*y^4), ideal(x^4*y,x^5,y^6,x*y^5,x^2*y^4,x^3*y^3), ideal(x^5,x*y^5,x^2*y^4,x^3*y^3,x^4*y^2,y^7), ideal(x^2*y^4,x^3*y^3,x^4*y^2,x^5*y,x^6,y^7,x*y^6), ideal(x^3*y^3,x^4*y^2,x^5*y,x^6,y^7,x*y^6,x^2*y^5), ideal(x^4*y^2,x^5*y,x^6,y^7,x*y^6,x^2*y^5,x^3*y^4), ideal(x^5*y,x^6,x*y^6,x^2*y^5,x^3*y^4,x^4*y^3,y^8), ideal(x^6,x*y^6,x^2*y^5,x^3*y^4,x^4*y^3,x^5*y^2,y^8), ideal(x^6,x^3*y^4,x^4*y^3,x^5*y^2,y^8,x*y^7,x^2*y^6), ideal(x^3*y^4,x^4*y^3,x^5*y^2,x^6*y,x^7,y^8,x*y^7,x^2*y^6)"
59,-21,True,"12, 18, 20, 24, 25, 27, 30, 31, 33, 34, 36, 37, 39, 40, 42, 43, 45, 46, 47, 48, 49, 51, 52, 53, 54, 55, 57, 58","ideal 1, ideal(y,x), ideal(x,y^2), ideal(y^2,x*y,x^2), ideal(x*y,x^2,y^3), ideal(x^2,y^3,x*y^2), ideal(y^3,x*y^2,x^2*y,x^3), ideal(x*y^2,x^2*y,x^3,y^4), ideal(x^2*y,x^3,y^4,x*y^3), ideal(x^3,y^4,x*y^3,x^2*y^2), ideal(y^4,x*y^3,x^2*y^2,x^3*y,x^4), ideal(x*y^3,x^2*y^2,x^3*y,x^4,y^5), ideal(x^2*y^2,x^3*y,x^4,y^5,x*y^4), ideal(x^3*y,x^4,y^5,x*y^4,x^2*y^3), ideal(x^4,y^5,x*y^4,x^2*y^3,x^3*y^2), ideal(x*y^4,x^2*y^3,x^3*y^2,x^4*y,x^5,y^6), ideal(x^2*y^3,x^3*y^2,x^4*y,x^5,y^6,x*y^5), ideal(x^3*y^2,x^4*y,x^5,y^6,x*y^5,x^2*y^4), ideal(x^4*y,x^5,y^6,x*y^5,x^2*y^4,x^3*y^3), ideal(x^5,y^6,x*y^5,x^2*y^4,x^3*y^3,x^4*y^2), ideal(x^5,x*y^5,x^2*y^4,x^3*y^3,x^4*y^2,y^7), ideal(x^2*y^4,x^3*y^3,x^4*y^2,x^5*y,x^6,y^7,x*y^6), ideal(x^3*y^3,x^4*y^2,x^5*y,x^6,y^7,x*y^6,x^2*y^5), ideal(x^4*y^2,x^5*y,x^6,y^7,x*y^6,x^2*y^5,x^3*y^4), ideal(x^5*y,x^6,y^7,x*y^6,x^2*y^5,x^3*y^4,x^4*y^3), ideal(x^5*y,x^6,x*y^6,x^2*y^5,x^3*y^4,x^4*y^3,y^8), ideal(x^6,x^2*y^5,x^3*y^4,x^4*y^3,x^5*y^2,y^8,x*y^7), ideal(x^3*y^4,x^4*y^3,x^5*y^2,x^6*y,x^7,y^8,x*y^7,x^2*y^6)"
61,-19,True,"13, 19, 21, 25, 27, 28, 31, 33, 34, 36, 37, 39, 40, 42, 43, 44, 45, 46, 48, 49, 50, 51, 52, 54, 55, 56, 57, 58, 59, 60","ideal 1, ideal(y,x), ideal(x,y^2), ideal(y^2,x*y,x^2), ideal(x*y,x^2,y^3), ideal(x^2,y^3,x*y^2), ideal(y^3,x*y^2,x^2*y,x^3), ideal(x*y^2,x^2*y,x^3,y^4), ideal(x^2*y,x^3,y^4,x*y^3), ideal(x^3,y^4,x*y^3,x^2*y^2), ideal(y^4,x*y^3,x^2*y^2,x^3*y,x^4), ideal(x*y^3,x^2*y^2,x^3*y,x^4,y^5), ideal(x^2*y^2,x^3*y,x^4,y^5,x*y^4), ideal(x^3*y,x^4,y^5,x*y^4,x^2*y^3), ideal(x^4,y^5,x*y^4,x^2*y^3,x^3*y^2), ideal(x^4,x*y^4,x^2*y^3,x^3*y^2,y^6), ideal(x*y^4,x^2*y^3,x^3*y^2,x^4*y,x^5,y^6), ideal(x^2*y^3,x^3*y^2,x^4*y,x^5,y^6,x*y^5), ideal(x^3*y^2,x^4*y,x^5,y^6,x*y^5,x^2*y^4), ideal(x^4*y,x^5,y^6,x*y^5,x^2*y^4,x^3*y^3), ideal(x^4*y,x^5,x*y^5,x^2*y^4,x^3*y^3,y^7), ideal(x^5,x*y^5,x^2*y^4,x^3*y^3,x^4*y^2,y^7), ideal(x^2*y^4,x^3*y^3,x^4*y^2,x^5*y,x^6,y^7,x*y^6), ideal(x^3*y^3,x^4*y^2,x^5*y,x^6,y^7,x*y^6,x^2*y^5), ideal(x^4*y^2,x^5*y,x^6,y^7,x*y^6,x^2*y^5,x^3*y^4), ideal(x^4*y^2,x^5*y,x^6,x*y^6,x^2*y^5,x^3*y^4,y^8), ideal(x^5*y,x^6,x*y^6,x^2*y^5,x^3*y^4,x^4*y^3,y^8), ideal(x^6,x^2*y^5,x^3*y^4,x^4*y^3,x^5*y^2,y^8,x*y^7), ideal(x^6,x^3*y^4,x^4*y^3,x^5*y^2,y^8,x*y^7,x^2*y^6), ideal(x^3*y^4,x^4*y^3,x^5*y^2,x^6*y,x^7,y^8,x*y^7,x^2*y^6)"
67,-13,True,"14, 21, 22, 28, 29, 31, 34, 36, 38, 39, 41, 42, 45, 46, 47, 48, 49, 51, 53, 54, 56, 58, 59, 61, 63, 64, 65, 66","ideal 1, ideal(y,x), ideal(x,y^2), ideal(y^2,x*y,x^2), ideal(x*y,x^2,y^3), ideal(x^2,y^3,x*y^2), ideal(y^3,x*y^2,x^2*y,x^3), ideal(x*y^2,x^2*y,x^3,y^4), ideal(x^2*y,x^3,y^4,x*y^3), ideal(x^3,y^4,x*y^3,x^2*y^2), ideal(y^4,x*y^3,x^2*y^2,x^3*y,x^4), ideal(x*y^3,x^2*y^2,x^3*y,x^4,y^5), ideal(x^2*y^2,x^3*y,x^4,y^5,x*y^4), ideal(x^3*y,x^4,y^5,x*y^4,x^2*y^3), ideal(x^4,y^5,x*y^4,x^2*y^3,x^3*y^2), ideal(y^5,x*y^4,x^2*y^3,x^3*y^2,x^4*y,x^5), ideal(x*y^4,x^2*y^3,x^3*y^2,x^4*y,x^5,y^6), ideal(x^2*y^3,x^3*y^2,x^4*y,x^5,y^6,x*y^5), ideal(x^3*y^2,x^4*y,x^5,y^6,x*y^5,x^2*y^4), ideal(x^4*y,x^5,y^6,x*y^5,x^2*y^4,x^3*y^3), ideal(x^5,x*y^5,x^2*y^4,x^3*y^3,x^4*y^2,y^7), ideal(x^2*y^4,x^3*y^3,x^4*y^2,x^5*y,x^6,y^7,x*y^6), ideal(x^3*y^3,x^4*y^2,x^5*y,x^6,y^7,x*y^6,x^2*y^5), ideal(x^4*y^2,x^5*y,x^6,y^7,x*y^6,x^2*y^5,x^3*y^4), ideal(x^5*y,x^6,x*y^6,x^2*y^5,x^3*y^4,x^4*y^3,y^8), ideal(x^6,x^2*y^5,x^3*y^4,x^4*y^3,x^5*y^2,y^8,x*y^7), ideal(x^2*y^5,x^3*y^4,x^4*y^3,x^5*y^2,x^6*y,x^7,y^8,x*y^7), ideal(x^3*y^4,x^4*y^3,x^5*y^2,x^6*y,x^7,y^8,x*y^7,x^2*y^6)"
71,-9,True,"15, 22, 24, 29, 31, 33, 36, 38, 40, 42, 43, 45, 47, 49, 50, 51, 52, 54, 56, 57, 58, 59, 60, 61, 63, 64, 65, 66, 67, 68, 69, 70","ideal 1, ideal(y,x), ideal(x,y^2), ideal(y^2,x*y,x^2), ideal(x*y,x^2,y^3), ideal(x^2,y^3,x*y^2), ideal(y^3,x*y^2,x^2*y,x^3), ideal(x*y^2,x^2*y,x^3,y^4), ideal(x^2*y,x^3,y^4,x*y^3), ideal(x^3,y^4,x*y^3,x^2*y^2), ideal(y^4,x*y^3,x^2*y^2,x^3*y,x^4), ideal(x*y^3,x^2*y^2,x^3*y,x^4,y^5), ideal(x^2*y^2,x^3*y,x^4,y^5,x*y^4), ideal(x^3*y,x^4,y^5,x*y^4,x^2*y^3), ideal(x^4,y^5,x*y^4,x^2*y^3,x^3*y^2), ideal(x^4,x*y^4,x^2*y^3,x^3*y^2,y^6), ideal(x*y^4,x^2*y^3,x^3*y^2,x^4*y,x^5,y^6), ideal(x^2*y^3,x^3*y^2,x^4*y,x^5,y^6,x*y^5), ideal(x^3*y^2,x^4*y,x^5,y^6,x*y^5,x^2*y^4), ideal(x^4*y,x^5,y^6,x*y^5,x^2*y^4,x^3*y^3), ideal(x^4*y,x^5,x*y^5,x^2*y^4,x^3*y^3,y^7), ideal(x^5,x*y^5,x^2*y^4,x^3*y^3,x^4*y^2,y^7), ideal(x^5,x^2*y^4,x^3*y^3,x^4*y^2,y^7,x*y^6), ideal(x^2*y^4,x^3*y^3,x^4*y^2,x^5*y,x^6,y^7,x*y^6), ideal(x^3*y^3,x^4*y^2,x^5*y,x^6,y^7,x*y^6,x^2*y^5), ideal(x^4*y^2,x^5*y,x^6,y^7,x*y^6,x^2*y^5,x^3*y^4), ideal(x^4*y^2,x^5*y,x^6,x*y^6,x^2*y^5,x^3*y^4,y^8), ideal(x^5*y,x^6,x*y^6,x^2*y^5,x^3*y^4,x^4*y^3,y^8), ideal(x^5*y,x^6,x^2*y^5,x^3*y^4,x^4*y^3,y^8,x*y^7), ideal(x^6,x^2*y^5,x^3*y^4,x^4*y^3,x^5*y^2,y^8,x*y^7), ideal(x^6,x^3*y^4,x^4*y^3,x^5*y^2,y^8,x*y^7,x^2*y^6), ideal(x^3*y^4,x^4*y^3,x^5*y^2,x^6*y,x^7,y^8,x*y^7,x^2*y^6)"
73,-7,True,"16, 23, 25, 30, 32, 34, 38, 39, 41, 43, 45, 47, 48, 50, 52, 54, 56, 57, 59, 60, 61, 63, 65, 67, 68, 69, 70, 72","ideal 1, ideal(y,x), ideal(x,y^2), ideal(y^2,x*y,x^2), ideal(x*y,x^2,y^3), ideal(x^2,y^3,x*y^2), ideal(y^3,x*y^2,x^2*y,x^3), ideal(x*y^2,x^2*y,x^3,y^4), ideal(x^2*y,x^3,y^4,x*y^3), ideal(x^3,y^4,x*y^3,x^2*y^2), ideal(y^4,x*y^3,x^2*y^2,x^3*y,x^4), ideal(x*y^3,x^2*y^2,x^3*y,x^4,y^5), ideal(x^2*y^2,x^3*y,x^4,y^5,x*y^4), ideal(x^3*y,x^4,y^5,x*y^4,x^2*y^3), ideal(x^4,y^5,x*y^4,x^2*y^3,x^3*y^2), ideal(x*y^4,x^2*y^3,x^3*y^2,x^4*y,x^5,y^6), ideal(x^2*y^3,x^3*y^2,x^4*y,x^5,y^6,x*y^5), ideal(x^3*y^2,x^4*y,x^5,y^6,x*y^5,x^2*y^4), ideal(x^4*y,x^5,y^6,x*y^5,x^2*y^4,x^3*y^3), ideal(x^5,y^6,x*y^5,x^2*y^4,x^3*y^3,x^4*y^2), ideal(x^5,x*y^5,x^2*y^4,x^3*y^3,x^4*y^2,y^7), ideal(x^2*y^4,x^3*y^3,x^4*y^2,x^5*y,x^6,y^7,x*y^6), ideal(x^3*y^3,x^4*y^2,x^5*y,x^6,y^7,x*y^6,x^2*y^5), ideal(x^4*y^2,x^5*y,x^6,y^7,x*y^6,x^2*y^5,x^3*y^4), ideal(x^5*y,x^6,x*y^6,x^2*y^5,x^3*y^4,x^4*y^3,y^8), ideal(x^6,x*y^6,x^2*y^5,x^3*y^4,x^4*y^3,x^5*y^2,y^8), ideal(x^6,x^2*y^5,x^3*y^4,x^4*y^3,x^5*y^2,y^8,x*y^7), ideal(x^3*y^4,x^4*y^3,x^5*y^2,x^6*y,x^7,y^8,x*y^7,x^2*y^6)"
79,-1,True,"17, 24, 27, 32, 34, 37, 40, 42, 44, 46, 48, 50, 52, 54, 56, 58, 60, 62, 64, 66, 68, 70, 72, 74, 76, 78","ideal 1, ideal(y,x), ideal(x,y^2), ideal(y^2,x*y,x^2), ideal(x*y,x^2,y^3), ideal(x^2,y^3,x*y^2), ideal(y^3,x*y^2,x^2*y,x^3), ideal(x*y^2,x^2*y,x^3,y^4), ideal(x^2*y,x^3,y^4,x*y^3), ideal(x^3,y^4,x*y^3,x^2*y^2), ideal(y^4,x*y^3,x^2*y^2,x^3*y,x^4), ideal(x*y^3,x^2*y^2,x^3*y,x^4,y^5), ideal(x^2*y^2,x^3*y,x^4,y^5,x*y^4), ideal(x^3*y,x^4,y^5,x*y^4,x^2*y^3), ideal(x^4,y^5,x*y^4,x^2*y^3,x^3*y^2), ideal(x*y^4,x^2*y^3,x^3*y^2,x^4*y,x^5,y^6), ideal(x^2*y^3,x^3*y^2,x^4*y,x^5,y^6,x*y^5), ideal(x^3*y^2,x^4*y,x^5,y^6,x*y^5,x^2*y^4), ideal(x^4*y,x^5,y^6,x*y^5,x^2*y^4,x^3*y^3), ideal(x^5,x*y^5,x^2*y^4,x^3*y^3,x^4*y^2,y^7), ideal(x^2*y^4,x^3*y^3,x^4*y^2,x^5*y,x^6,y^7,x*y^6), ideal(x^3*y^3,x^4*y^2,x^5*y,x^6,y^7,x*y^6,x^2*y^5), ideal(x^4*y^2,x^5*y,x^6,y^7,x*y^6,x^2*y^5,x^3*y^4), ideal(x^5*y,x^6,x*y^6,x^2*y^5,x^3*y^4,x^4*y^3,y^8), ideal(x^6,x^2*y^5,x^3*y^4,x^4*y^3,x^5*y^2,y^8,x*y^7), ideal(x^3*y^4,x^4*y^3,x^5*y^2,x^6*y,x^7,y^8,x*y^7,x^2*y^6)"
83,3,True,"18, 26, 28, 34, 36, 39, 43, 45, 47, 49, 51, 53, 55, 57, 59, 61, 64, 65, 67, 68, 69, 70, 72, 74, 76, 78, 80, 82","ideal 1, ideal(y,x), ideal(x,y^2), ideal(y^2,x*y,x^2), ideal(x*y,x^2,y^3), ideal(x^2,y^3,x*y^2), ideal(y^3,x*y^2,x^2*y,x^3), ideal(x*y^2,x^2*y,x^3,y^4), ideal(x^2*y,x^3,y^4,x*y^3), ideal(x^3,y^4,x*y^3,x^2*y^2), ideal(y^4,x*y^3,x^2*y^2,x^3*y,x^4), ideal(x*y^3,x^2*y^2,x^3*y,x^4,y^5), ideal(x^2*y^2,x^3*y,x^4,y^5,x*y^4), ideal(x^3*y,x^4,y^5,x*y^4,x^2*y^3), ideal(x^4,y^5,x*y^4,x^2*y^3,x^3*y^2), ideal(x*y^4,x^2*y^3,x^3*y^2,x^4*y,x^5,y^6), ideal(x^2*y^3,x^3*y^2,x^4*y,x^5,y^6,x*y^5), ideal(x^3*y^2,x^4*y,x^5,y^6,x*y^5,x^2*y^4), ideal(x^4*y,x^5,y^6,x*y^5,x^2*y^4,x^3*y^3), ideal(x^5,y^6,x*y^5,x^2*y^4,x^3*y^3,x^4*y^2), ideal(x^5,x*y^5,x^2*y^4,x^3*y^3,x^4*y^2,y^7), ideal(x^5,x^2*y^4,x^3*y^3,x^4*y^2,y^7,x*y^6), ideal(x^2*y^4,x^3*y^3,x^4*y^2,x^5*y,x^6,y^7,x*y^6), ideal(x^3*y^3,x^4*y^2,x^5*y,x^6,y^7,x*y^6,x^2*y^5), ideal(x^4*y^2,x^5*y,x^6,y^7,x*y^6,x^2*y^5,x^3*y^4), ideal(x^5*y,x^6,x*y^6,x^2*y^5,x^3*y^4,x^4*y^3,y^8), ideal(x^6,x^2*y^5,x^3*y^4,x^4*y^3,x^5*y^2,y^8,x*y^7), ideal(x^3*y^4,x^4*y^3,x^5*y^2,x^6*y,x^7,y^8,x*y^7,x^2*y^6)"
89,9,True,"19, 28, 30, 37, 39, 41, 46, 48, 50, 52, 55, 57, 59, 61, 64, 66, 68, 70, 72, 73, 75, 77, 79, 81, 82, 83, 84, 86, 88","ideal 1, ideal(y,x), ideal(x,y^2), ideal(y^2,x*y,x^2), ideal(x*y,x^2,y^3), ideal(x^2,y^3,x*y^2), ideal(y^3,x*y^2,x^2*y,x^3), ideal(x*y^2,x^2*y,x^3,y^4), ideal(x^2*y,x^3,y^4,x*y^3), ideal(x^3,y^4,x*y^3,x^2*y^2), ideal(y^4,x*y^3,x^2*y^2,x^3*y,x^4), ideal(x*y^3,x^2*y^2,x^3*y,x^4,y^5), ideal(x^2*y^2,x^3*y,x^4,y^5,x*y^4), ideal(x^3*y,x^4,y^5,x*y^4,x^2*y^3), ideal(x^4,y^5,x*y^4,x^2*y^3,x^3*y^2), ideal(x*y^4,x^2*y^3,x^3*y^2,x^4*y,x^5,y^6), ideal(x^2*y^3,x^3*y^2,x^4*y,x^5,y^6,x*y^5), ideal(x^3*y^2,x^4*y,x^5,y^6,x*y^5,x^2*y^4), ideal(x^4*y,x^5,y^6,x*y^5,x^2*y^4,x^3*y^3), ideal(x^5,y^6,x*y^5,x^2*y^4,x^3*y^3,x^4*y^2), ideal(x^5,x*y^5,x^2*y^4,x^3*y^3,x^4*y^2,y^7), ideal(x^2*y^4,x^3*y^3,x^4*y^2,x^5*y,x^6,y^7,x*y^6), ideal(x^3*y^3,x^4*y^2,x^5*y,x^6,y^7,x*y^6,x^2*y^5), ideal(x^4*y^2,x^5*y,x^6,y^7,x*y^6,x^2*y^5,x^3*y^4), ideal(x^5*y,x^6,y^7,x*y^6,x^2*y^5,x^3*y^4,x^4*y^3), ideal(x^5*y,x^6,x*y^6,x^2*y^5,x^3*y^4,x^4*y^3,y^8), ideal(x^6,x*y^6,x^2*y^5,x^3*y^4,x^4*y^3,x^5*y^2,y^8), ideal(x^6,x^2*y^5,x^3*y^4,x^4*y^3,x^5*y^2,y^8,x*y^7), ideal(x^3*y^4,x^4*y^3,x^5*y^2,x^6*y,x^7,y^8,x*y^7,x^2*y^6)"
97,17,True,"21, 31, 33, 41, 43, 45, 50, 53, 55, 57, 60, 62, 65, 67, 69, 70, 72, 74, 77, 79, 81, 82, 84, 86, 89, 91, 93, 94, 96","ideal 1, ideal(y,x), ideal(x,y^2), ideal(y^2,x*y,x^2), ideal(x*y,x^2,y^3), ideal(x^2,y^3,x*y^2), ideal(y^3,x*y^2,x^2*y,x^3), ideal(x*y^2,x^2*y,x^3,y^4), ideal(x^2*y,x^3,y^4,x*y^3), ideal(x^3,y^4,x*y^3,x^2*y^2), ideal(y^4,x*y^3,x^2*y^2,x^3*y,x^4), ideal(x*y^3,x^2*y^2,x^3*y,x^4,y^5), ideal(x^2*y^2,x^3*y,x^4,y^5,x*y^4), ideal(x^3*y,x^4,y^5,x*y^4,x^2*y^3), ideal(x^4,y^5,x*y^4,x^2*y^3,x^3*y^2), ideal(y^5,x*y^4,x^2*y^3,x^3*y^2,x^4*y,x^5), ideal(x*y^4,x^2*y^3,x^3*y^2,x^4*y,x^5,y^6), ideal(x^2*y^3,x^3*y^2,x^4*y,x^5,y^6,x*y^5), ideal(x^3*y^2,x^4*y,x^5,y^6,x*y^5,x^2*y^4), ideal(x^4*y,x^5,y^6,x*y^5,x^2*y^4,x^3*y^3), ideal(x^5,x*y^5,x^2*y^4,x^3*y^3,x^4*y^2,y^7), ideal(x*y^5,x^2*y^4,x^3*y^3,x^4*y^2,x^5*y,x^6,y^7), ideal(x^2*y^4,x^3*y^3,x^4*y^2,x^5*y,x^6,y^7,x*y^6), ideal(x^3*y^3,x^4*y^2,x^5*y,x^6,y^7,x*y^6,x^2*y^5), ideal(x^4*y^2,x^5*y,x^6,y^7,x*y^6,x^2*y^5,x^3*y^4), ideal(x^5*y,x^6,x*y^6,x^2*y^5,x^3*y^4,x^4*y^3,y^8), ideal(x^6,x^2*y^5,x^3*y^4,x^4*y^3,x^5*y^2,y^8,x*y^7), ideal(x^2*y^5,x^3*y^4,x^4*y^3,x^5*y^2,x^6*y,x^7,y^8,x*y^7), ideal(x^3*y^4,x^4*y^3,x^5*y^2,x^6*y,x^7,y^8,x*y^7,x^2*y^6)"
